Name,ImageURL
"清原和博","https://thumb.wikimedia.org/wikipedia/commons/thumb/0/0a/Kazuhiro_Kiyohara_19901013.jpg/330px-Kazuhiro_Kiyohara_19901013.jpg?utm_source=ja.wikipedia.org&utm_campaign=api&utm_content=thumbnail"
"成宮寛貴","https://thumb.wikimedia.org/wikipedia/commons/thumb/f/fd/Hiroki_Narimiya_IMG_3289-2_20150412.JPG/330px-Hiroki_Narimiya_IMG_3289-2_20150412.JPG?utm_source=ja.wikipedia.org&utm_campaign=api&utm_content=thumbnail"
"ベッキー",""
"川谷絵音",""
"ボビー・オロゴン",""
"せいや（霜降り明星）",""
"亀梨和也","https://thumb.wikimedia.org/wikipedia/commons/thumb/2/29/Kamenashi_Kazuya_from_%22The_Dogs_of_Karma%22_at_Red_Carpet_of_the_Tokyo_International_Film_Festival_2024_%2854578073440%29.jpg/330px-Kamenashi_Kazuya_from_%22The_Dogs_of_Karma%22_at_Red_Carpet_of_the_Tokyo_International_Film_Festival_2024_%2854578073440%29.jpg?utm_source=ja.wikipedia.org&utm_campaign=api&utm_content=thumbnail"
"山下智久","https://thumb.wikimedia.org/wikipedia/commons/thumb/c/cc/Tomohisa_Yamashita_%28%E5%B1%B1%E4%B8%8B_%E6%99%BA%E4%B9%85%29_05.jpg/330px-Tomohisa_Yamashita_%28%E5%B1%B1%E4%B8%8B_%E6%99%BA%E4%B9%85%29_05.jpg?utm_source=ja.wikipedia.org&utm_campaign=api&utm_content=thumbnail"
"小倉優香",""
"猪俣周杜（timelesz）",""
"東出昌大",""
"渡部建（アンジャッシュ）",""
"香川照之",""
"広末涼子",""
"市川猿之助",""
"永山絢斗",""
"沢尻エリカ",""
"伊勢谷友介",""
"ピエール瀧",""
"田口淳之介（元KAT-TUN）",""
"山口達也（元TOKIO）",""
"小出恵介",""
"高畑裕太",""
"狩野英孝","https://thumb.wikimedia.org/wikipedia/commons/thumb/e/e8/Eiko_Kano.png/330px-Eiko_Kano.png?utm_source=ja.wikipedia.org&utm_campaign=api&utm_content=thumbnail"
"宮迫博之","https://thumb.wikimedia.org/wikipedia/commons/thumb/5/5e/%E4%B8%B2%E3%82%AB%E3%83%84%E5%AE%AE%E8%BF%AB20200718_183644.jpg/330px-%E4%B8%B2%E3%82%AB%E3%83%84%E5%AE%AE%E8%BF%AB20200718_183644.jpg?utm_source=ja.wikipedia.org&utm_campaign=api&utm_content=thumbnail"
"田村亮（ロンドンブーツ1号2号）",""
"徳井義実（チュートリアル）",""
"木下優樹菜","https://upload.wikimedia.org/wikipedia/commons/3/32/%E6%9C%A8%E4%B8%8B%E5%84%AA%E6%A8%B9%E8%8F%9C.png?utm_source=ja.wikipedia.org&utm_campaign=api&utm_content=thumbnail_unscaled"
"袴田吉彦","https://thumb.wikimedia.org/wikipedia/commons/thumb/1/1b/Gthumb.svg/330px-Gthumb.svg.png?utm_source=ja.wikipedia.org&utm_campaign=api&utm_content=thumbnail"
"原田龍二","https://thumb.wikimedia.org/wikipedia/commons/thumb/9/91/Ryuji_Harada_in_2017.jpg/330px-Ryuji_Harada_in_2017.jpg?utm_source=ja.wikipedia.org&utm_campaign=api&utm_content=thumbnail"
"斉藤慎二（ジャングルポケット）",""
"中丸雄一（KAT-TUN）",""
"市川海老蔵（現・市川團十郎）",""
"押尾学",""
"高知東生",""
"酒井法子",""
"ASKA",""
"槇原敬之",""
"JAYWALK中村耕一",""
"KENTA（ONE OK ROCK元メンバー）",""
"山本裕典",""
"塩谷瞬",""
"純烈・友井雄亮",""
"極楽とんぼ・山本圭壱",""
"TKO木下隆行",""
"TKO木本武宏",""
"スリムクラブ（真栄田賢・内間政成）",""
"2700（八十島・ツネ）",""
"HG（レイザーラモン）",""
"ガリットチュウ福島",""
"レペゼンフォックス（DJ社長）",""
"ジャックポット",""
"ヴァンビ（白井竜樹）",""
"モーリー（禁断ボーイズ）",""
"ジョニー・ソマリ",""
"ワタナベマホト",""
"へずまりゅう",""
"しバター",""
"てんちむ",""
"かねこあや",""
"ヒカル",""
"ラファエル",""
"いっくん（禁断ボーイズ）",""
"木下ゆうか",""
"はじめしゃチョー",""
"東海オンエア・しばゆー",""
"あやナン（あやなん）",""
"ゆたぼん",""
"ガーシー（東谷義和）",""
"コレコレ",""
"加藤純一",""
"さず",""
"阿部渉",""
"畠山衣美",""
"谷岡慎一",""
"鷲見玲奈",""
"増田和也",""
"加藤清隆",""
"上念司",""
"鎌田靖",""
"登坂淳一",""
"秋元優里",""
"生野陽子/中村光宏",""
"みのもんた",""
"ショーンK（ショーン・マクアードル川上）",""
"夏目三久",""
"長谷川豊",""
"古谷経衡",""
"竹田恒泰",""
"津田大介",""
"百田尚樹",""
"有本香",""
"伊達みきお（サンドウィッチマン）",""
"富澤たけし（サンドウィッチマン）",""
"内村光良（ウッチャンナンチャン）",""
"タモリ",""
"所ジョージ",""
"博多華丸（博多華丸・大吉）",""
"博多大吉（博多華丸・大吉）",""
"有吉弘行","https://thumb.wikimedia.org/wikipedia/commons/thumb/a/a6/Replace_this_image_JA.svg/330px-Replace_this_image_JA.svg.png?utm_source=ja.wikipedia.org&utm_campaign=api&utm_content=thumbnail"
"夏目三久/有吉弘行夫妻",""
"バカリズム",""
"設楽統（バナナマン）",""
"日村勇紀（バナナマン）",""
"川島明（麒麟）",""
"春日俊彰（オードリー）",""
"若林正恭（オードリー）",""
"陣内智則",""
"阿佐ヶ谷姉妹（渡辺江里子・木村美穂）",""
"和牛（水田信二・川西賢志郎）",""
"かまいたち（山内健司・濱家隆一）",""
"チョコレートプラネット（長田庄平・松尾駿）",""
"今田美桜",""
"綾瀬はるか",""
"新垣結衣",""
"星野源",""
"佐藤栞里",""
"吉高由里子",""
"長澤まさみ",""
"石原さとみ",""
"菅田将暉",""
"小松菜奈",""
"神木隆之介",""
"芦田愛菜",""
"鈴木福",""
"天海祐希",""
"阿部寛",""
"堺雅人",""
"菅野美穂",""
"北川景子",""
"DAIGO",""
"川口春奈",""
"橋本環奈",""
"広瀬すず",""
"浜辺美波",""
"吉沢亮",""
"山﨑賢人",""
"松坂桃李",""
"戸田恵梨香",""
"木村文乃",""
"多部未華子",""
"木南晴夏",""
"米津玄師",""
"あいみょん",""
"藤井風",""
"Official髭男dism",""
"King Gnu",""
"YOASOBI",""
"MISIA",""
"福山雅治",""
"ゆず（北川悠仁・岩沢厚治）",""
"aiko",""
"JUJU",""
"LiSA",""
"NiziUメンバー",""
"Perfume（あ〜ちゃん・かしゆか・のっち）",""
"DA PUMP・ISSA",""
"三浦大知",""
"平井堅",""
"スピッツ（草野マサムネほか）",""
"B'z（稲葉浩志・松本孝弘）",""
"DREAMS COME TRUE（吉田美和・中村正人）",""
"水卜麻美",""
"安住紳一郎",""
"弘中綾香",""
"和久田麻由子",""
"桑子真帆",""
"高橋真麻",""
"羽鳥慎一",""
"藤井貴彦",""
"武田真一",""
"井上清華",""
"生田竜聖",""
"新井恵理那",""
"川田裕美",""
"池上彰","https://thumb.wikimedia.org/wikipedia/commons/thumb/7/78/IkegamiAkiraDyor.jpg/330px-IkegamiAkiraDyor.jpg?utm_source=ja.wikipedia.org&utm_campaign=api&utm_content=thumbnail"
"カズレーザー（メイプル超合金）",""
"HIKAKIN（ヒカキン）",""
"SEIKIN（セイキン）",""
"Masuo（マスオ）",""
"瀬戸弘司","https://upload.wikimedia.org/wikipedia/commons/2/26/%E7%80%AC%E6%88%B8%E5%BC%98%E5%8F%B8.png?utm_source=ja.wikipedia.org&utm_campaign=api&utm_content=thumbnail_unscaled"
"カズチャンネル（Kazu）",""
"SushiRamen【りく】",""
"ピアソン（Kazuyoshi）",""
"キヨ。",""
"レトルト",""
"ポッキー（Pocky）",""
"水溜りボンド（カンタ・トミー）",""
"東海オンエア・てつや",""
"QuizKnock（伊沢拓司ほか）",""
"リュウジ（料理研究家）",""